27,12,2014,30,12,2014,31C3,CCH,Hamburg,Deutschland,http://events.ccc.de
27,12,2015,30,12,2015,32C3,CCH,Hamburg,Deutschland,http://events.ccc.de
27,12,2016,30,12,2016,33C3,CCH,Hamburg,Deutschland,http://events.ccc.de
27,12,2017,30,12,2017,34C3,CCH,Leipzig,Deutschland,http://events.ccc.de
27,12,2018,30,12,2018,35C3,CCH,Leipzig,Deutschland,http://events.ccc.de
27,12,2019,30,12,2019,36C3,CCH,Leipzig,Deutschland,http://events.ccc.de
27,12,2020,30,12,2020,37C3,CCH,Leipzig,Deutschland,http://events.ccc.de
27,12,2021,30,12,2021,38C3,CCH,Leipzig,Deutschland,http://events.ccc.de
27,12,2022,30,12,2022,39C3,CCH,Leipzig,Deutschland,http://events.ccc.de
27,12,2023,30,12,2023,40C3,CCH,Leipzig,Deutschland,http://events.ccc.de
27,12,2024,30,12,2024,41C3,CCH,Leipzig,Deutschland,http://events.ccc.de
27,12,2025,30,12,2025,42C3,CCH,Leipzig,Deutschland,http://events.ccc.de
27,12,2026,30,12,2026,43C3,CCH,Leipzig,Deutschland,http://events.ccc.de
27,12,2027,30,12,2027,44C3,CCH,Leipzig,Deutschland,http://events.ccc.de
27,12,2028,30,12,2028,45C3,CCH,Leipzig,Deutschland,http://events.ccc.de
27,12,2029,30,12,2029,46C3,CCH,Leipzig,Deutschland,http://events.ccc.de
27,12,2030,30,12,2030,47C3,CCH,Leipzig,Deutschland,http://events.ccc.de
27,12,2031,30,12,2031,48C3,CCH,Leipzig,Deutschland,http://events.ccc.de
27,12,2032,30,12,2032,49C3,CCH,Leipzig,Deutschland,http://events.ccc.de
27,12,2033,30,12,2033,50C3,CCH,Leipzig,Deutschland,http://events.ccc.de
27,12,2034,30,12,2034,51C3,CCH,Leipzig,Deutschland,http://events.ccc.de
27,12,2035,30,12,2035,52C3,CCH,Leipzig,Deutschland,http://events.ccc.de
27,12,2036,30,12,2036,53C3,CCH,Leipzig,Deutschland,http://events.ccc.de
27,12,2037,30,12,2037,54C3,CCH,Leipzig,Deutschland,http://events.ccc.de
27,12,2038,30,12,2038,55C3,CCH,Leipzig,Deutschland,http://events.ccc.de
27,12,2039,30,12,2039,56C3,CCH,Leipzig,Deutschland,http://events.ccc.de
27,12,2040,30,12,2040,57C3,CCH,Leipzig,Deutschland,http://events.ccc.de
27,12,2041,30,12,2041,58C3,CCH,Leipzig,Deutschland,http://events.ccc.de
27,12,2042,30,12,2042,59C3,CCH,Leipzig,Deutschland,http://events.ccc.de
27,12,2043,30,12,2043,60C3,CCH,Leipzig,Deutschland,http://events.ccc.de
27,12,2044,30,12,2044,61C3,CCH,Leipzig,Deutschland,http://events.ccc.de
27,12,2045,30,12,2045,62C3,CCH,Leipzig,Deutschland,http://events.ccc.de
27,12,2046,30,12,2046,63C3,CCH,Leipzig,Deutschland,http://events.ccc.de
27,12,2047,30,12,2047,64C3,CCH,Leipzig,Deutschland,http://events.ccc.de
27,12,2048,30,12,2048,65C3,CCH,Leipzig,Deutschland,http://events.ccc.de
27,12,2049,30,12,2049,66C3,CCH,Leipzig,Deutschland,http://events.ccc.de
27,12,2050,30,12,2050,67C3,CCH,Leipzig,Deutschland,http://events.ccc.de
27,12,2051,30,12,2051,68C3,CCH,Leipzig,Deutschland,http://events.ccc.de
27,12,2052,30,12,2052,69C3,CCH,Leipzig,Deutschland,http://events.ccc.de
27,12,2053,30,12,2053,70C3,CCH,Leipzig,Deutschland,http://events.ccc.de
27,12,2054,30,12,2054,71C3,CCH,Leipzig,Deutschland,http://events.ccc.de
27,12,2055,30,12,2055,72C3,CCH,Leipzig,Deutschland,http://events.ccc.de
27,12,2056,30,12,2056,73C3,CCH,Leipzig,Deutschland,http://events.ccc.de
27,12,2057,30,12,2057,74C3,CCH,Leipzig,Deutschland,http://events.ccc.de
27,12,2058,30,12,2058,75C3,CCH,Leipzig,Deutschland,http://events.ccc.de
27,12,2059,30,12,2059,76C3,CCH,Leipzig,Deutschland,http://events.ccc.de
27,12,2060,30,12,2060,77C3,CCH,Leipzig,Deutschland,http://events.ccc.de
27,12,2061,30,12,2061,78C3,CCH,Leipzig,Deutschland,http://events.ccc.de
27,12,2062,30,12,2062,79C3,CCH,Leipzig,Deutschland,http://events.ccc.de
27,12,2063,30,12,2063,80C3,CCH,Leipzig,Deutschland,http://events.ccc.de
27,12,2064,30,12,2064,81C3,CCH,Leipzig,Deutschland,http://events.ccc.de
27,12,2065,30,12,2065,82C3,CCH,Leipzig,Deutschland,http://events.ccc.de
27,12,2066,30,12,2066,83C3,CCH,Leipzig,Deutschland,http://events.ccc.de
27,12,2067,30,12,2067,84C3,CCH,Leipzig,Deutschland,http://events.ccc.de
27,12,2068,30,12,2068,85C3,CCH,Leipzig,Deutschland,http://events.ccc.de
27,12,2069,30,12,2069,86C3,CCH,Leipzig,Deutschland,http://events.ccc.de
27,12,2070,30,12,2070,87C3,CCH,Leipzig,Deutschland,http://events.ccc.de
27,12,2071,30,12,2071,88C3,CCH,Leipzig,Deutschland,http://events.ccc.de
27,12,2072,30,12,2072,89C3,CCH,Leipzig,Deutschland,http://events.ccc.de
27,12,2073,30,12,2073,90C3,CCH,Leipzig,Deutschland,http://events.ccc.de
27,12,2074,30,12,2074,91C3,CCH,Leipzig,Deutschland,http://events.ccc.de
27,12,2075,30,12,2075,92C3,CCH,Leipzig,Deutschland,http://events.ccc.de
